favicon_source,favicon_status,favicon_url,foundry_id,foundry_name,foundry_url,release_count
icon,ok,https://www.sudtipos.com/favicon-32x32.png,sudtipos,Sudtipos,https://www.sudtipos.com/,269
,not_found,,device-fonts,Device Fonts,https://www.devicefonts.co.uk/,257
icon,ok,https://p22.com/favicon.svg,p22-type-foundry,P22 Type Foundry,https://p22.com/fonts/?foundries=p22,198
fallback:/favicon.ico,ok,https://canadatype.com/favicon.ico,canada-type,Canada Type,https://canadatype.com/,169
,not_found,,typotheque,Typotheque,https://www.typotheque.com/,165
fallback:/favicon.ico,ok,https://f37foundry.com/favicon.ico,f37,F37,http://f37foundry.com/,136
fallback:/favicon.ico,ok,https://commercialtype.com/favicon.ico,commercial-type,Commercial Type,https://commercialtype.com,126
,not_found,,positype,Positype,https://positype.com/,110
,not_found,,tour-de-force,Tour de Force Font Foundry,https://tourdefonts.com,110
fallback:/favicon.ico,ok,https://housefonts.com/favicon.ico,house-industries,House Industries,https://housefonts.com/,97
icon,ok,https://www.rsztype.com/tenant-favicon/favicon-32x32.png,resistenza-type-foundry,Resistenza Type Foundry,https://www.rsztype.com/,83
icon,ok,https://lineto.com/favicon.svg,lineto,Lineto,https://lineto.com/,79
fallback:/favicon.ico,ok,https://www.hubertjocham.de/favicon.ico,hubert-jocham-type,Hubert Jocham Type,https://www.hubertjocham.de/,73
icon,ok,https://p22.com/favicon.svg,lanston-type-company,Lanston Type Company,https://p22.com/fonts/?foundries=ltc,73
,not_found,,hvd-fonts,HvD Fonts,https://www.hvdfonts.com/,68
shortcut icon,ok,https://www.stereo-type.fr/wp-content/themes/Stereotype/images/favicon.ico,stereo-typefaces,Stereo Type,https://www.stereo-type.fr/,59
,not_found,,brutal-types,Brutal Types,https://www.brutaltypes.com/,55
fallback:/favicon.ico,ok,https://productiontype.com/favicon.ico,production-type,Production Type,https://www.productiontype.com/,55
,not_found,,the-designers-foundry,The Designers Foundry,https://www.thedesignersfoundry.com/,55
icon,ok,https://hanken.co/cdn/shop/files/Website-Blue-Logo.png?crop=center&height=32&v=1613173807&width=32,hanken-design-co,Hanken Design Co.,https://hanken.co/,53
shortcut icon,ok,https://www.type-together.com/favicon.ico?v=2026.01.29.09.31,typetogether,TypeTogether,https://www.type-together.com/,53
icon,ok,https://typeverything.com/favicon-32x32.png,typeverything,Typeverything,https://typeverything.com/,50
fallback:/favicon.ico,ok,https://optimo.ch/favicon.ico,optimo,Optimo,https://optimo.ch,49
fallback:/favicon.ico,ok,https://www.suitcasetype.com/favicon.ico,suitcase-type-foundry,Suitcase Type Foundry,https://www.suitcasetype.com/,49
shortcut icon,ok,https://www.atipofoundry.com/assets/images/favicon.png,atipo,Atipo,https://www.atipofoundry.com/,47
icon,ok,https://connary.com/favicons/favicon-32x32.png,connary-fagen,Connary Fagen,https://connary.com,44
icon,ok,https://www.thatthattype.com/tenant-favicon/favicon-32x32.png,that-that-type,That That Type,https://www.thatthattype.com,44
icon,ok,https://ladd-design.com/assets/5b5852ff-751c-4506-82ff-7d8946862a29_carw_1x1x32.png,adam-ladd-design,Adam Ladd Design,https://ladd-design.com/,43
icon,ok,https://lauraworthingtondesign.com/favicon.svg,laura-worthington,Laura Worthington,https://lauraworthingtondesign.com/,42
shortcut icon,ok,https://muirmcneil.com/wp-content/themes/muirmcneil/images/mmcn_favicon4.ico,muirmcneil,MuirMcNeil,https://muirmcneil.com/,40
,not_found,,sharp-type,Sharp Type,https://sharptype.co,40
icon,ok,https://superiortype.com/favicon-96x96.png,superior-type,Superior Type,http://superiortype.com,40
icon,ok,https://images.squarespace-cdn.com/content/v1/5f197177c2b0542a57e1e105/43932b24-8baf-49d8-a253-588558ccdb61/favicon.ico?format=100w,the-northern-block,The Northern Block,https://thenorthernblock.co.uk/,40
icon,ok,https://images.squarespace-cdn.com/content/v1/571ea12f746fb9143714af34/1461907426148-SY8AIYGVPSQCCZ2IAXBY/favicon.ico?format=100w,pstl,PSTL,https://pstypelab.com/,36
icon,ok,https://www.briefcasetype.com/themes/briefcasetype/images/bc_favicon.png,briefcase-type-foundry,Briefcase Type Foundry,https://www.briefcasetype.com/,35
icon,ok,https://londontype.co.uk/images/icons/favicon.png,london-type-foundry,London Type Foundry,https://londontype.co.uk/,33
fallback:/favicon.ico,ok,https://capitalics.wtf/favicon.ico,capitalics-wtf,Capitalics WTF,https://capitalics.wtf,32
fallback:/favicon.ico,ok,https://boldmonday.com/favicon.ico,bold-monday,Bold Monday,https://boldmonday.com,31
icon,ok,https://yellowdesignstudio.com/favicon.svg,yellow-design-studio,Yellow Design Studio,https://yellowdesignstudio.com,31
icon,ok,https://newlyn.com/newlyn-icon-64x64-01.png,newlyn,Newlyn,https://newlyn.com/,30
,not_found,,facetype,FaceType,https://www.facetype.org/,29
,not_found,,identity-letters,Identity Letters,https://www.identity-letters.com/,29
icon,ok,https://ludwigtype.de/favicon/favicon-96x96.png,ludwigtype,LudwigType,https://www.ludwigtype.de/,29
fallback:/favicon.ico,ok,https://www.marksimonson.com/favicon.ico,mark-simonson-studio,Mark Simonson Studio,https://www.marksimonson.com/,29
icon,ok,https://hex.xyz/assets/favicon.png?2022-02-02,hex-projects,HEX Projects,https://hex.xyz,26
,not_found,,studio-rene-bieder,Studio René Bieder,https://renebieder.com,26
shortcut icon,ok,https://fortfoundry.com/static/images/favicon.png,fort-foundry,Fort Foundry,https://fortfoundry.com/,25
,not_found,,kimmy-design,Kimmy Design,https://kimmydesign.com/,25
icon,ok,https://plau.design/vermelho-favicon-32x32.png,plau,Plau,https://plau.design/,25
fallback:/favicon.ico,ok,https://frerejones.com/favicon.ico,frere-jones-type,Frere–Jones Type,https://frerejones.com/,24
icon,ok,https://p22.com/favicon.svg,hamilton-wood-type-collection,Hamilton Wood Type Collection,https://p22.com/fonts/?foundries=hwt,24
icon,ok,https://www.lucasfonts.com/favicons/favicon-32x32.png,lucasfonts,LucasFonts,https://www.lucasfonts.com/,24
icon,ok,https://www.luzi-type.ch/image/favicons/favicon.svg,luzi-type,Luzi Type,https://www.luzi-type.ch/,24
icon,ok,https://www.r-typography.com/favicon-32x32.png,r-typography,R-Typography,https://www.r-typography.com/,24
icon,ok,https://www.bb-bureau.fr/favicon-32x32.png,bb-bureau,bb-bureau,https://www.bb-bureau.fr/,24
icon,ok,https://liptonletterdesign.com/img/lipton-logo.svg,lipton-letter-design,Lipton Letter Design,https://liptonletterdesign.com/,23
icon,ok,https://www.outofthedark.swiss/favicon/android-icon-192x192.png,out-of-the-dark,Out of the Dark,https://www.outofthedark.swiss/,23
shortcut icon,ok,https://luxtypo.com/cdn/shop/t/7/assets/favicon.ico?v=124196783063127389801655354511,lux-typo,Lux Typo,https://luxtypo.com,22
icon,ok,https://ndiscover.com/uploads/2020/04/cropped-favicon-32x32.jpg,ndiscover,Ndiscover,https://ndiscover.com,22
shortcut icon,ok,https://www.re-type.com/favicon.ico,retype,ReType,https://www.re-type.com/,22
icon,ok,https://shinntype.com/wp-content/uploads/2021/07/cropped-shinntypelogo-32x32.jpg,shinntype,ShinnType,https://shinntype.com/,22
icon,ok,https://dotless-type.com/wp-content/uploads/2023/11/cropped-web_logo-32x32.jpg,dotless-type,Dotless type,https://dotless-type.com/,21
,not_found,,dutch-type-library,Dutch Type Library,https://www.dutchtypelibrary.nl/,21
,not_found,,brownfox,Brownfox,https://brownfox.org/,20
icon,ok,https://pandekafoundry.com/wp-content/uploads/2025/01/pandeka-favicon-150x150.png,pandeka-studio,Pandeka Studio,https://pandekafoundry.com/,20
,not_found,,giulia-boggio,Giulia Boggio,https://www.giuliaboggio.xyz/,19
,not_found,,juri-zaech,Juri Zaech,https://www.juri-zaech.com/,19
fallback:/favicon.ico,ok,https://ott-foundry.com/favicon.ico,ott-ornamental-title-type,OTT — Ornamental & Title Type,https://ott-foundry.com/,19
icon,ok,https://delvefonts.com/static/favicon/favicon-32x32.png,delve-fonts,Delve Fonts,https://delvefonts.com/,18
,not_found,,dizajndesign,DizajnDesign,https://dizajndesign.sk/,17
icon,ok,https://mtm.madrid/wp-content/uploads/2025/03/MTM-FOOT.svg,manufacturas-tipograficas-madrilenas,Manufacturas Tipográficas Madrileñas,https://mtm.madrid/,17
,not_found,,noir-blanc-rouge,Noir Blanc Rouge,https://noirblancrouge.com/,17
icon,ok,https://pretendfoundry.com/images/favicon.png,pretend-foundry,Pretend Foundry,https://pretendfoundry.com/,17
icon,ok,https://tptq-arabic.com/ssadmin/tptq_site_common/images/arabic-favicon.ico,tptq-arabic,TPTQ Arabic,https://tptq-arabic.com/,17
,not_found,,b-v-h-type,b•v-h type,https://bvhtype.com/,17
fallback:/favicon.ico,ok,https://djr.com/favicon.ico,david-jonathan-ross,David Jonathan Ross,https://djr.com/,16
icon,ok,https://kostictype.com/favicon-32x32.png,kostic-type-foundry,Kostić Type Foundry,https://www.kostictype.com,16
icon,ok,https://www.typeby.com/tenant-favicon/favicon-32x32.png,type-by,Type By,https://www.typeby.com/,16
,not_found,,typeji,Typeji,https://typeji.com/,16
,not_found,,lo-ol-type-foundry,lo-ol Type Foundry,https://www.lo-ol.design/,16
mask-icon,ok,http://www.atlasfonts.com/wp-content/themes/atlas/img/safari-pinned-tab-icon.svg,atlas,Atlas,http://www.atlasfonts.com/,15
icon,ok,https://garagefonts.com/favicon.ico,garagefonts,GarageFonts,https://garagefonts.com/,15
,not_found,,league-of-movable-type,League of Movable Type,https://www.theleagueofmoveabletype.com/,15
icon,ok,https://www.tokotype.com/images/main/favicon32x32.png,tokotype,Tokotype,https://www.tokotype.com/,15
icon,ok,https://www.atf.com.au/wp-content/uploads/2021/10/cropped-android-chrome-512x512-1-32x32.png,australian-type-foundry,Australian Type Foundry,http://www.atf.com.au/,14
icon,ok,https://carterandcone.com/img/cc-icon.svg,carter-cone,Carter & Cone,https://carterandcone.com/,14
icon,ok,https://charactertype.com/favicon-32x32.png?2,character-type,Character Type,https://charactertype.com/,14
,not_found,,melvastype,Melvastype,https://www.melvastype.fi/,14
,not_found,,union-type-design,Union Type Design,https://www.uniontypedesign.com/,14
fallback:/favicon.ico,ok,https://xyztype.com/favicon.ico,xyz-type,XYZ Type,https://xyztype.com/,14
icon,ok,https://ellenlufftype.com/favicon.png,ellen-luff-type-foundry,Ellen Luff Type Foundry,https://ellenlufftype.com/,13
,not_found,,frost,Frost,https://www.frostype.xyz/,13
,not_found,,labor-and-wait,Labor and Wait,https://www.laborandwait.xyz/,13
,not_found,,mckl,MCKL,https://mckltype.com,13
icon,ok,https://www.motyfo.com/wp-content/uploads/2021/06/cropped-cropped-ico-32x32.png,mostardesign-type-foundry,Mostardesign Type Foundry,https://motyfo.com,13
shortcut icon,ok,https://www.revolvertype.com/favicon.ico,revolver-type-foundry,Revolver Type Foundry,https://revolvertype.com,13
fallback:/favicon.ico,ok,https://www.schick-toikka.com/favicon.ico,schick-toikka,Schick Toikka,https://www.schick-toikka.com/,13
icon,ok,https://www.tunera.xyz/site/templates/styles/images/favicon/favicon-32x32.png,tunera,Tunera,https://www.tunera.xyz/,13
icon,ok,https://framerusercontent.com/images/1X6dFWtKStxgDndZVbhuAiHbWV4.png,typografische,Typografische,https://www.typografische.com,13
,not_found,,3type,3type,https://3type.cn,12
icon,ok,https://a2-type.co.uk/favicon-32x32.png,a2-type,A2-Type,https://a2-type.co.uk/,12
icon,ok,https://ivyfoundry.com/favicon.svg,ivy-foundry,Ivy Foundry,https://ivyfoundry.com/,12
fallback:/favicon.ico,ok,https://kilotype.de/favicon.ico,kilotype,Kilotype,https://kilotype.de,12
icon,ok,https://www.typetr.com/images/logos/typetr.ico,typetr,Typetr,https://www.typetr.com/index.html,12
,not_found,,warsaw-types,Warsaw Types,https://kroje.org/en/,12
icon,ok,https://atftype.com/favicon.ico,atf-collection,ATF Collection,http://atftype.com/,11
fallback:/favicon.ico,ok,https://altiplano.xyz/favicon.ico,altiplano,Altiplano,https://altiplano.xyz/,11
icon,ok,https://babelfont.com/wp-content/uploads/fbrfg/favicon-96x96.png,babelfont,Babelfont,https://babelfont.com,11
fallback:/favicon.ico,ok,https://binnenland.ch/favicon.ico,binnenland,Binnenland,https://binnenland.ch,11
icon,ok,https://www.caketype.com/favicon.ico,caketype,CakeType,https://www.caketype.com/,11
icon,ok,https://static.showit.co/200/ccoPS6hF-DWvdHyyeqh8xA/144397/jw_type_favicon.png,jen-wagner-co,Jen Wagner Co.,https://jenwagner.co/,11
,not_found,,jikji-soft,Jikji Soft,https://www.jikjisoft.com/font,11
,not_found,,manic-type,Manic Type,https://www.manictype.com/,11
fallback:/favicon.ico,ok,https://tightype.com/favicon.ico,tightype,Tightype,https://tightype.com,11
,not_found,,tipografies,Tipografies,https://tipografies.com,11
icon,ok,https://typesenses.com/assets/fba55389-da9f-4466-8c74-e0d3a2bb61fc_carw_1x1x32.png,typesenses,Typesenses,https://typesenses.com/,11
,not_found,,allcaps,AllCaps,https://www.allcapstype.com/,10
,not_found,,avondale-type-co,Avondale Type Co.,https://avondaletypeco.com,10
icon,ok,https://bold-decisions.biz/pages/5f099d503779dd4bf96835b9/favicon.svg,bold-decisions,Bold Decisions,https://bold-decisions.biz/,10
,not_found,,cotype,CoType,https://cotypefoundry.com/,10
,not_found,,fincker-font-cuisine,Fincker Font Cuisine,https://www.fontcuisine.com/,10
,not_found,,fond-de-riz,Fond de riz,https://fonderiz.fr/,10
icon,ok,https://forgotten-shapes.com/wp-content/themes/fosh5-theme/components/mh_favicons/production-links/favicon-32x32.png?1,forgotten-shapes,Forgotten Shapes,https://forgotten-shapes.com/,10
icon,ok,https://jfoundry.com/favicon.svg,j-foundry,J Foundry,https://jfoundry.com/,10
icon,ok,https://fonts.antoniolechuga.com/wp-content/uploads/2024/05/cropped-Asset-5-32x32.png,lechuga-type,Lechuga Type,https://fonts.antoniolechuga.com/,10
icon,ok,https://www.lettersoup.de/wp-content/themes/lettersoup/app/favicons/favicon-32x32.png,lettersoup,Lettersoup,https://www.lettersoup.de/,10
icon,ok,https://maxitype.com/wp-content/uploads/2021/12/cropped-android-chrome-512x512-2-32x32.png,maxitype,Maxitype,https://maxitype.com/,10
icon,ok,https://nguyengobber.com/assets/favicon/favicon-32x32.png,nguyen-gobber,Nguyen Gobber,https://nguyengobber.com/,10
icon,ok,https://ortype.is/assets/images/favicon.png?v=2,or-type,Or Type,https://ortype.is,10
,not_found,,typerotation,Typerotation,https://typerotation.com,10
,not_found,,muccatypo,muccaTypo,https://www.muccatypo.com/,10
icon,ok,https://aisforfonts.com/wp-content/uploads/2020/03/cropped-favicon-32x32.jpg,a-is-for,A is for,https://aisforfonts.com/,9
icon,ok,https://alt-tf.com/cdn/shop/files/Asset_25.png?crop=center&height=32&v=1694440058&width=32,alt-tf,ALT.tf,https://alt-tf.com/,9
fallback:/favicon.ico,ok,https://aesthetictype.com/favicon.ico,aesthetic-type,Aesthetic Type,https://aesthetictype.com/,9
,not_found,,calame-bureau,Calame.Bureau,https://www.arthurcalame.com/,9
shortcut icon,ok,https://camelot-typefaces.com/favicon.ico,camelot-typefaces,Camelot Typefaces,https://camelot-typefaces.com/,9
icon,ok,https://dunwichtype.com/wp-content/uploads/2020/06/cropped-KindredLogo_FaviconUC-32x32.png,dunwich-type-founders,Dunwich Type Founders,https://dunwichtype.com/,9
icon,ok,https://erkinkaramemet.com/wp-content/uploads/2023/10/cropped-EK_Favicon3-32x32.png,erkin-karamemet,Erkin Karamemet,https://erkinkaramemet.com/,9
icon,ok,https://janfromm.de/site/templates/icons/favicon-32.png,jan-fromm,Jan Fromm,https://janfromm.de/,9
icon,ok,https://metis-foundry.com/wp-content/uploads/2023/02/cropped-Metis_Logo_01_Tr-32x32.png,metis,Metis,https://metis-foundry.com,9
icon,ok,https://motaitalic.com/favicon-32x32.png,mota-italic,Mota Italic,http://www.motaitalic.com/,9
icon,ok,https://nicetotype.jp/icon.png,nice-to-type,Nice to type,https://nicetotype.jp,9
,not_found,,smuss-type-kiosk,Smuss Type Kiosk,https://typekiosk.smuss.studio/,9
icon,ok,https://store.tekio.work/cdn/shop/files/tekiofav.png?crop=center&height=32&v=1710324671&width=32,tekio,Tekio,https://store.tekio.work/,9
icon,ok,https://xotype.co/assets/xo-icon.png,xo-type-co,XO Type Co.,https://xotype.co/,9
fallback:/favicon.ico,ok,https://www.astype.de/favicon.ico,astype-fonts,Astype Fonts,https://astype.de/,8
icon,ok,https://ecal-typefaces.ch/favicon-32x32.png,ecal-typefaces,ECAL Typefaces,https://ecal-typefaces.ch/,8
icon,ok,https://www.generaltypestudio.com/tenant-favicon/favicon-32x32.png,general-type-studio,General Type Studio,https://www.generaltypestudio.com/,8
icon,ok,https://power-type.com/favicon/favicon-32x32.png,power-type,Power Type,https://power-type.com/,8
icon,ok,https://www.spoketype.com/wp-content/themes/spoke/assets/img/favicon.png,spoke,Spoke,https://www.spoketype.com/,8
shortcut icon,ok,https://type.tmpstate.net/static/static/assets/favicon.ico,temporary-state,Temporary State,https://type.tmpstate.net/,8
shortcut icon,ok,https://cdn.prod.website-files.com/66a589425e61c9071b018061/695e6e090e0e0cfe1e203005_32x32.png,type-supply,Type Supply,https://typesupply.com/,8
icon,ok,https://universalthirst.com/favicon-32x32.png,universal-thirst,Universal Thirst,https://universalthirst.com/,8
,not_found,,almarena,Almarena,https://almarenafoundry.com/,7
,not_found,,approximate-type,Approximate Type,https://approxtype.com/,7
icon,ok,https://www.britishstandardtype.xyz/favicon.ico,british-standard-type,British Standard Type,https://www.britishstandardtype.xyz/,7
icon,ok,https://fatype.com/assets/icons/favicon-e0b411442de8a32566bd30138452137bdc81bd413e3908e5c3cf6baf12d49515.png,fatype,Fatype,https://fatype.com,7
icon,ok,https://images.squarespace-cdn.com/content/v1/648482e7fb42f33c24837b87/34c9b715-0942-4377-88e5-4e85687ab5ba/favicon.ico?format=100w,francis-chouquet,Francis Chouquet,https://www.francischouquet.com/,7
shortcut icon,ok,https://freight.cargo.site/t/original/i/144e9de8dd9afeb1ad8d4f3c2ac02bede268a46571848ca4d5e18d8e4ae938d3/IG-Export-2024-38.ico,james-plattner,James Plattner,https://jamesplattner.com/,7
,not_found,,july-type,July Type,https://www.julytype.com/,7
icon,ok,https://www.domeinwebshop.nl/favicon.ico,love-letters,Love Letters,http://love-letters.be/,7
fallback:/favicon.ico,ok,https://mbtype.com/favicon.ico,mb-type,MB Type,https://mbtype.com/,7
icon,ok,https://midwesttype.com/favicon/favicon-32x32.png,midwest-type,Midwest Type,https://midwesttype.com/,7
fallback:/favicon.ico,ok,https://www.nan.xyz/favicon.ico,nan,NaN,https://www.nan.xyz/,7
shortcut icon,ok,https://nuformtype.com/wp-content/uploads/2022/01/NuForm_Favicon_16_64x64.png,nuform,Nuform,https://nuformtype.com/,7
shortcut icon,ok,https://ops-type.com/media/site/5014cea067-1756286771/ops-type-favicon-kopie-4-1-600x.png,ops-type,OPS Type,http://ourpolitesocietytype.net,7
,not_found,,proof-of-words,Proof of Words,https://proof-of-words.com/,7
icon,ok,https://supercontinente.com/favicon.ico,supercontinente,Supercontinente,https://www.supercontinente.com,7
icon,ok,https://www.vectrotype.com/favicon-32x32.png,vectro,Vectro,https://www.vectrotype.com/,7
icon,ok,https://weltkern.com/favicon-32x32.png,weltkern,Weltkern,https://weltkern.com,7
fallback:/favicon.ico,ok,https://www.adobe.com/favicon.ico,adobe-originals,Adobe Originals,https://adobe.com/type,6
icon,ok,https://alex-creq.com/favicons/favicon_16.png,alexandre-crequer,Alexandre Créquer,https://alex-creq.com/,6
icon,ok,https://www.carrois.com/assets/favicon/favicon-32x32.png,carrois-type-design,Carrois Type Design,https://www.carrois.com/,6
,not_found,,darden-studio,Darden Studio,https://www.dardenstudio.com/,6
,not_found,,debi-sementelli,Debi Sementelli,https://debisementelli.com/,6
,not_found,,formerly-known,Formerly Known,https://formerly-known.com/,6
icon,ok,https://freightcollection.com/favicon-32x32.png,freight-collection,Freight Collection,https://freightcollection.com/,6
icon,ok,https://i0.wp.com/joliciatype.com/wp-content/uploads/2021/05/favicon.png?fit=128%2C5128&ssl=1,jolicia-type,Jolicia Type,https://joliciatype.com/,6
,not_found,,naipe-foundry,Naipe Foundry,https://naipefoundry.com/,6
,not_found,,neue,Neue,https://www.neue.shop/,6
icon,ok,https://cdn.myportfolio.com/cb27cc1c-9a38-470b-8e65-8ed31d4dd9bc/3490028b-ec2e-4ab7-a1e9-927e951f4eb2_carw_1x1x32.jpg?h=9f3125967b23f0ba553905f5b58d3e12,nomad-foundry,Nomad Foundry,https://nomadfoundry.design/,6
shortcut icon,ok,https://www.reset-type.com/build/images/favicon.png,reset,Reset Type Studio,https://www.reset-type.com/,6
icon,ok,https://images.squarespace-cdn.com/content/v1/5e3f124e0b0aed2f275d54a0/1608149507164-QJ9MLEKJ9YQG9YVVB205/favicon.ico?format=100w,serpentype,Serpentype,https://www.serpentype.com/,6
,not_found,,shapes-for-cash,Shapes for Cash,https://www.shapesforcash.com/,6
fallback:/favicon.ico,ok,https://sportsfonts.com/favicon.ico,sportsfonts,Sportsfonts,https://sportsfonts.com/,6
icon,ok,https://framerusercontent.com/images/hhddSNb8wXeqTHrJRsx09JtaQ.png,studio-muhittin-gunes,Studio Muhittin Güneş,https://gunesmuhittin.com/,6
icon,ok,https://twintype.co/assets/favicon-d660bf32e7f4725e2fa22b0811abcfafb21f85df42b1956fc3eb87cf44bc16b1.png,twintype,Twintype,https://twintype.co/en,6
icon,ok,https://workingtitletypefoundry.be/assets/workingtitlelogo.png,working-title,Working Title,https://workingtitletypefoundry.be/,6
,not_found,,writtenshape,WrittenShape,https://www.writtenshape.com/,6
icon,ok,https://www.grootfontein.net/wp-content/uploads/2021/09/cropped-Grootfontein_Favicon2021-32x32.jpg,art-grootfontein,Art Grootfontein,https://www.grootfontein.net/,5
,not_found,,beasts-of-england,Beasts of England,https://beastsofengland.co/,5
,not_found,,counter-forms,Counter Forms,https://counter-forms.com/,5
icon,ok,https://framerusercontent.com/images/Ytd0aE5FJGnHEZve7iiFhrsDxg.png,en-travaux,En Travaux,https://entravaux.framer.website,5
icon,ok,https://www.fuertetype.com/favicon-32x32.png,fuerte-type,Fuerte Type,https://www.fuertetype.com/,5
icon,ok,https://c-p.rmcdn1.net/60531d62f1597b009de74aac/Favicon-e4330663-4bab-4fdb-be18-e9132616cd44_144.png,gs-type,GS-Type,https://gs-type.com/,5
,not_found,,lettermatic,Lettermatic,https://lettermatic.com/,5
icon,ok,https://ma-ma-type.com/assets/favicons/favicon-32x32.png,ma-ma-type,MA-MA Type,https://ma-ma-type.com/,5
,not_found,,multitudes,Multitudes,https://www.madeformultitudes.com/,5
fallback:/favicon.ico,ok,https://www.psyops.com/favicon.ico,psy-ops,PSY/OPS,https://www.psyops.com,5
icon,ok,https://freight.cargo.site/t/original/i/V2519040920420706304169153401772/Glowa.ico,piotr-lapa,Piotr Łapa,https://piotrlapa.com/,5
icon,ok,https://www.publictype.us/tenant-favicon/favicon-32x32.png,public-type,Public Type,https://www.publictype.us/,5
icon,ok,https://thepytefoundry.net/assets/favicon.png,pyte-foundry,Pyte Foundry,https://thepytefoundry.net/,5
,not_found,,razzia-type,Razzia Type,https://www.razziatype.com/,5
icon,ok,https://republi.sh/wp-content/uploads/fbrfg/favicon-32x32.png?v=E6wdBoYgNK,republish,Republish,https://republi.sh/,5
icon,ok,https://rubenprol.gal/favicon.png,ruben-prol,Rubén Prol,https://rubenprol.gal/,5
icon,ok,https://www.skritur.eu/tenant-favicon/favicon-32x32.png,skritur,Skritur,https://www.skritur.eu/,5
icon,ok,https://socio-type.com/favicon.ico,sociotype,Sociotype,https://socio-type.com/,5
icon,ok,https://static.wixstatic.com/media/9c9314_e4b021a2b0a64b5a9421bc59af4bb2bc~mv2.jpg/v1/fill/w_192%2Ch_192%2Clg_1%2Cusm_0.66_1.00_0.01/9c9314_e4b021a2b0a64b5a9421bc59af4bb2bc~mv2.jpg,spaghetype,Spaghetype,https://www.spaghetype.com/,5
icon,ok,https://typeoca.com/favicon.svg,typeoca,Typeóca,https://typeoca.com/,5
,not_found,,tupokompanii,Tüpokompanii,https://www.typokompanii.com/,5
icon,ok,https://victoriarushton.com/favicon.ico,victoria-rushton,Victoria Rushton,https://victoriarushton.com/,5
icon,ok,https://typographies.fr/favicon.ico,typographies-fr,typographies.fr,https://typographies.fr/,5
icon,ok,https://blast-foundry.com/media/site/9142a34b89-1684525389/8xxhaimx0q7a-32x.png,blast-foundry,Blast Foundry,https://blast-foundry.com/,4
icon,ok,https://contemporarytype.com/icons/favicon-dark.svg,contemporary-type,Contemporary Type,https://contemporarytype.com/,4
icon,ok,https://contrastfoundry.com/favicon.ico,contrast-foundry,Contrast Foundry,https://contrastfoundry.com/,4
,not_found,,dstype,DSType,https://dstype.com,4
shortcut icon,ok,https://freight.cargo.site/t/original/i/25a133c977813bc655d65c326a6508e7b5f302f167a46845c483ccdc73fb50fd/Sans-titre-1.ico,daytona-mess,Daytona Mess,https://daytonamess.com/,4
,not_found,,double-zero,Double Zero,https://www.dblzr.com/,4
,missing_foundry_url,,duong-tran,Dương Trần,,4
,not_found,,edition-studio,Edition.studio,https://edition.studio/,4
icon,ok,https://franziskaweitgruber.com/wp-content/uploads/2018/06/cropped-LogoF4-32x32.png,franziska-weitgruber,Franziska Weitgruber,https://franziskaweitgruber.com/,4
shortcut icon,ok,https://freight.cargo.site/t/original/i/2bc7ac962e86085fec81d60ad53fd5a1fd7857f766ce2a5a00f3d704c324190d/FfWhite-02.ico,fredsfonts,FredsFonts,https://fredsfonts.com/,4
icon,ok,https://www.ingaploennigs.com/wp-content/uploads/2018/04/cropped-favicon1-32x32.png,inga-plonnigs,Inga Plönnigs,https://www.ingaploennigs.com/,4
icon,ok,https://letterjuice.cat/favicon-32x32.png,letterjuice,Letterjuice,https://letterjuice.cat/,4
shortcut icon,ok,https://monokrom.no/assets/images/favicon.ico,monokrom,Monokrom,https://monokrom.no/,4
fallback:/favicon.ico,ok,https://nouvellenoire.ch/wp/wp-includes/images/w-logo-blue-white-bg.png,nouvelle-noire,Nouvelle Noire,https://nouvellenoire.ch/,4
fallback:/favicon.ico,ok,https://parachutefonts.com/favicon.ico,parachute-type-foundry,Parachute Type Foundry,https://parachutefonts.com,4
icon,ok,https://www.r-vtype.com/wordpress/wp-content/themes/foundrytheme/resources/favicons/android-icon-192x192.png,road-to-venice-type,Road to Venice Type,https://r-vtype.com,4
icon,ok,https://fonts.scannerlicker.net/wp-content/themes/scannerlicker-2019/assets/img/android-icon-192x192.png,scannerlicker,Scannerlicker,https://fonts.scannerlicker.net/,4
,not_found,,spirit-bones,Spirit & Bones,https://spiritandbonesdesign.com/,4
fallback:/favicon.ico,ok,http://typematters.de/favicon.ico,type-matters,Type Matters,http://typematters.de,4
icon,ok,https://zeenesia.com/wp-content/uploads/2023/06/cropped-LOGOTYPE-ZEENESIA-baru-21-1-1-32x32.png,zeenesia-studio,Zeenesia Studio,https://zeenesia.com/,4
icon,ok,https://www.notyourtype.nl/site/assets/files/favicon/android-icon-192x192.png,notyourtype-foundry,notyourtype foundry,https://notyourtype.nl,4
,not_found,,adotbelow,Adotbelow,https://www.adotbelow.com/,3
icon,ok,https://anton.moglia.fr/site/templates/img/fav/favicon-96x96.png,anton-moglia,Anton Moglia,https://anton.moglia.fr/en/,3
icon,ok,https://www.beamtype.com/static/icons/large_icon.png,beam-type,Beam Type,https://www.beamtype.com,3
icon,ok,https://blazetype-1f562.kxcdn.com/media/site/abe0dd2f33-1642600683/blzt_favicon.png?width=32&v=abe0dd2f33-1642600683&enlarge=0&fit=1,blaze-type,Blaze Type,https://blazetype.eu/,3
shortcut icon,ok,https://cdn.prod.website-files.com/663b8f0563df7d3317b213e2/669e4f6706f78feb1bf44ddd_favicon_32.png,boomtype,Boomtype,https://www.boomtype.xyz/,3
icon,ok,https://www.carmen-type.com/wp-content/uploads/2022/12/cropped-Site_icon-30-30-32x32.jpg,c-type,C-Type,https://www.carmen-type.com/,3
icon,ok,https://static.cdninstagram.com/rsrc.php/yr/r/rzWiSjZRxk5.webp,caterina-santullo,Caterina Santullo,https://www.instagram.com/caterinasantullo/,3
,not_found,,cubictype,CubicType,https://about.cubictype.com/,3
icon,ok,https://abcdinamo.com/assets/favicon/favicon.svg,dinamo,Dinamo,https://abcdinamo.com/,3
fallback:/favicon.ico,ok,https://fontspectrum.com/favicon.ico,font-spectrum,Font Spectrum,https://fontspectrum.com/,3
,not_found,,jakob-fangmeier,Jakob Fangmeier,https://type.design/,3
shortcut icon,ok,https://jonastype.com/assets/images/favicon.ico,jonas-type,Jonas Type,https://jonastype.com/,3
,not_found,,kanon-foundry,Kanon Foundry,https://kanonfoundry.com,3
icon,ok,https://type.studio-laucke-siebein.com/icons/favicon-96x96.png,laucke-siebein-type,Laucke Siebein Type,https://type.studio-laucke-siebein.com/,3
,not_found,,margot-leveque,Margot Lévêque,https://margotleveque.com/,3
icon,ok,http://minjooham.com/wp-content/uploads/2018/07/Favicon3-1.png,minjoo-ham,Minjoo Ham,http://minjooham.com/,3
fallback:/favicon.ico,ok,https://www.futurefonts.com/favicon.ico,muk-monsalve,Muk Monsalve,https://www.futurefonts.com/muk-monsalve,3
,not_found,,open-source-publishing,Open Source Publishing,http://osp.kitchen/,3
,not_found,,outline-online,Outline Online,https://www.outline-online.com/,3
shortcut icon,ok,https://processtypefoundry.com/favicon.ico,process-type-foundry,Process Type Foundry,https://processtypefoundry.com/,3
icon,ok,https://rosettatype.com/assets/favicon/favicon.ico,rosetta,Rosetta,https://rosettatype.com/,3
,not_found,,rudiger,Rüdiger,https://www.philippneumeyer.com/,3
fallback:/favicon.ico,ok,https://www.suvatypefoundry.ee/wp-includes/images/w-logo-blue-white-bg.png,suva-type-foundry,SUVA Type Foundry,https://www.suvatypefoundry.ee/,3
fallback:/favicon.ico,ok,https://cargocollective.com/favicon.ico,sophia-type,Sophia Type,https://cargocollective.com/sophiatai,3
,not_found,,space-type,Space Type,https://spacetypeco.com/,3
icon,ok,https://workhorse.studio/cdn/shop/files/favicon_6c57b2fe-8830-415b-8859-692354794830.png?crop=center&height=32&v=1687653500&width=32,workhorse-type-foundry,Workhorse Type Foundry,https://workhorse.studio/,3
,not_found,,yanone,Yanone,https://www.yanone.de/,3
,not_found,,electro-bibliotheque,Électro-bibliothèque,https://electrobibliotheque.org/,3
icon,ok,https://www.205.tf/favicon.ico,205tf,205TF,https://www.205.tf/,2
,not_found,,afrotype,Afrotype,https://www.afrotype.com/,2
icon,ok,https://aeiou.tools/favicon-32x32.png,aieou-tools,Aieou Tools,https://aeiou.tools/,2
,missing_foundry_url,,alex-slobzheninov,Alex Slobzheninov,,2
shortcut icon,ok,https://beakorsh.com/assets/images/favicon.ico,bea-korsh,Bea Korsh,https://beakorsh.com/,2
icon,ok,https://typenetwork.com/icons/favicon-16x16.png,brody-fonts,Brody Fonts,https://brodyfonts.typenetwork.com/,2
,not_found,,cstm-fonts,CSTM Fonts,https://cstmfonts.com/,2
,not_found,,claude-type,Claude Type,https://claudetype.com/,2
icon,ok,https://www.daltonmaag.com/favicon.ico,dalton-maag,Dalton Maag,https://www.daltonmaag.com/,2
icon,ok,https://freight.cargo.site/t/original/i/Y1929334558189124814296356981129/DE-Icon-Black-300dpi.ico,david-einwaller,David Einwaller,https://deinwaller.com/,2
icon,ok,https://dirtylinestudio.com/wp-content/uploads/2020/07/favicon_ds.png,dirtyline-studio,Dirtyline Studio,https://dirtylinestudio.com/,2
shortcut icon,ok,https://cortex.persona.co/t/original/i/7af98072b11f5d54327cde7952cadf6549f4ed1e8be1d1ed88becaa8aec14e5c/PENG_icon.ico,elefonts,Elefonts,https://elenaschneider.com/,2
icon,ok,https://extratype.com/extratype/favicons/android-icon-192x192.png,extratype,Extratype,https://extratype.com,2
icon,ok,https://www.fostertype.com/favicon-32x32.png,foster-type,Foster Type,https://www.fostertype.com/,2
,not_found,,furniture,Furniture,https://www.furniture.xyz/,2
fallback:/favicon.ico,ok,https://www.futurefonts.com/favicon.ico,hassen-khattak,Hassen Khattak,https://www.futurefonts.com/hassen_khattak,2
fallback:/favicon.ico,ok,https://helsinkitypestudio.com/favicon.ico,helsinki-type-studio,Helsinki Type Studio,https://helsinkitypestudio.com/,2
icon,ok,https://freight.cargo.site/t/original/i/D2131673768298884611456509447569/favicon.ico,holdon-type,Holdon Type,https://holdontype.design/,2
icon,ok,https://images.squarespace-cdn.com/content/v1/5b5b2cd975f9ee76014e9893/1566355536196-JZONUT7EVVGYDFV39LFN/favicon.ico?format=100w,kerns-cairns,Kerns & Cairns,https://www.kernsandcairns.com/,2
,missing_foundry_url,,lapagelepage,Lapagelepage,,2
icon,ok,https://www.lift-type.fr/cdn/shop/files/favicon.png?crop=center&height=32&v=1731577778&width=32,lift-type,Lift Type,https://www.lift-type.fr/,2
shortcut icon,ok,https://freight.cargo.site/t/original/i/ac883d0f66c43d6b3e8c962bc2607c7f94def3e01fbdd180206e59dcd25d586b/Untitled_Artwork-1.ico,lipi,Lipi,https://lipi.xyz/,2
,not_found,,luis-bandovas,Luis Bandovas,https://satori.pt/,2
icon,ok,https://www.manchestertype.com/wp-content/uploads/2020/05/cropped-Mcr-type-favicon-32x32.png,manchester-type,Manchester Type,https://www.manchestertype.com/,2
icon,ok,https://markfromberg.com/user/themes/quark/images/favicon.png,mark-fromberg,Mark Frömberg,https://markfromberg.com/,2
icon,ok,https://static.wixstatic.com/media/ebe3ff_aacb4c87070e4298b801f31fe03a3481~mv2.jpg/v1/fill/w_192%2Ch_192%2Clg_1%2Cusm_0.66_1.00_0.01/ebe3ff_aacb4c87070e4298b801f31fe03a3481~mv2.jpg,natalie-rauch,Natalie Rauch,https://www.natalie-rauch.com/,2
,not_found,,november,November,https://www.nvmbr.in/,2
icon,ok,https://www.novotypo.nl/favicon.ico,novo-typo,Novo Typo,https://www.novotypo.nl/,2
shortcut icon,ok,https://ohnotype.co/assets/images/favicon.ico,oh-no-type-co,OH no Type Co.,https://ohnotype.co/,2
icon,ok,http://www.olof.ch/img/favicon.ico,olof,Olof,http://www.olof.ch/,2
icon,ok,https://otherwherecollective.com/wp-content/uploads/2024/03/OC_favicon_68x68.gif,otherwhere-collective,Otherwhere Collective,https://otherwherecollective.com,2
,not_found,,overtype,Overtype,https://www.overtypefoundry.com/,2
,not_found,,o-plerou-studio,O’Plérou Studio,https://foundry.oplerou.studio/,2
icon,ok,https://www.paavolatype.com/wp-content/uploads/paavolatypestudio-smile.png,paavola-type-studio,Paavola Type Studio,https://www.paavolatype.com/,2
fallback:/favicon.ico,ok,http://phantom-foundry.com/favicon.ico,phantom-foundry,Phantom Foundry,http://phantom-foundry.com/,2
icon,ok,https://typefaces.pizza/favicon-32x32.png?v=22e9d6e1bb59541fd2cc96282772530f,pizza-typefaces,Pizza Typefaces,https://typefaces.pizza/,2
icon,ok,https://quintana-font.cl/media/site/3fdbac7101-1713557622/flags_letterings_1-32x.png,quintana-font,Quintana-Font,https://quintana-font.cl/,2
icon,ok,https://images.squarespace-cdn.com/content/v1/64ff3c848958ea102766a4cd/a5d990d8-ec87-46bc-bc07-9d51ca3dc51f/favicon.ico?format=100w,robin-pitchon,Robin Pitchon,https://www.robinpitchon.com/,2
,not_found,,softdrive-r-foundry,Softdrive® Foundry,https://www.softdrivefoundry.com/,2
,not_found,,souvenir-typefaces,Souvenir Typefaces,https://www.souvenirtypefaces.xyz/,2
icon,ok,https://images.squarespace-cdn.com/content/v1/69050e334f641c4f7345a407/50457ded-e791-4afd-a2c3-ed24cd290d84/favicon.ico?format=100w,that-s-weirdo-stuff,That’s Weirdo Stuff,https://www.thatsweirdostuff.com,2
fallback:/favicon.ico,ok,https://www.typearture.com/wp-content/uploads/2017/07/cropped-Typearture_Logo_512-01-32x32.png,typearture,Typearture,https://www.typearture.com/,2
icon,ok,https://images.squarespace-cdn.com/content/v1/5cc614d7c2e8e00001336c86/1556487140289-L56NNE4FXQ3AQNMQ98FG/favicon.ico?format=100w,typetanic,Typetanic,https://gregshutters.com,2
icon,ok,https://images.squarespace-cdn.com/content/v1/6025cf57520eeb43c0ed3d12/571e9eb9-7ba4-4c4c-a910-08ffee29ff8e/favicon.ico?format=100w,yeah-right-type,Yeah Right Type,https://yeahrighttype.com/,2
,not_found,,indestructible-type,indestructible type*,https://indestructibletype.com,2
fallback:/favicon.ico,ok,https://www.futurefonts.com/favicon.ico,abhijit-menon,Abhijit Menon,https://www.futurefonts.com/abhijit,1
fallback:/favicon.ico,ok,https://www.futurefonts.com/favicon.ico,adriana-garciduenas,Adriana Garcidueñas,https://www.futurefonts.com/adriana-garciduenas,1
,missing_foundry_url,,anna-khorash,Anna Khorash,,1
fallback:/favicon.ico,ok,https://www.futurefonts.com/favicon.ico,arlyn-ramos,Arlyn Ramos,https://www.futurefonts.com/arlynramos/,1
,not_found,,arphic,Arphic,https://www.arphic.com,1
icon,ok,https://static.cdninstagram.com/rsrc.php/yr/r/rzWiSjZRxk5.webp,benn-zorn,Benn Zorn,https://bennzorn.com/,1
icon,ok,https://black-foundry.com/favicon.png,black-foundry,Black Foundry,https://black-foundry.com/,1
icon,ok,https://bonezdesignz.com/wp-content/uploads/2022/11/cropped-13320728_1022488331172292_6565575974030462770_o-jpg-32x32.webp,bonez-designz,Bonez Designz,https://bonezdesignz.com,1
icon,ok,https://images.squarespace-cdn.com/content/v1/5e8ba98309ca9631bf1720b3/1599933287676-4SUNFU3F4NS83C6V51JH/favicon.ico?format=100w,brandon-nickerson-studio,Brandon Nickerson Studio,https://www.bnicks.com/,1
icon,ok,https://cjtype.com/images/favicon.ico,cj-type,CJ Type,https://cjtype.com/,1
fallback:/favicon.ico,ok,https://assets.squarespace.com/universal/default-favicon.ico,cabargatype,CabargaType,https://cabargatype.com/,1
icon,ok,https://www.c-a-s-t.com/wp/wp-content/uploads/2025/03/cropped-logo-cast-png-32x32.png,cast-type-foundry,Cast Type Foundry,https://www.c-a-s-t.com/,1
fallback:/favicon.ico,ok,http://castletype.com/favicon.ico,castletype,CastleType,http://castletype.com/,1
,missing_foundry_url,,compania-tipografica-de-chile,Compañía Tipográfica de Chile,,1
icon,ok,https://ddott.net/wp-content/themes/ddott/favicon/android-icon-36x36.png,ddott,DDOTT,https://ddott.net/,1
icon,ok,https://dreamtype.xyz/favicon.ico,dreamtype,Dreamtype,https://dreamtype.xyz,1
fallback:/favicon.ico,ok,https://ektype.in/favicon.ico,ek-type,Ek Type,https://ektype.in/,1
fallback:/favicon.ico,ok,https://fsd.it/favicon.ico,fabrizio-schiavi-design,Fabrizio Schiavi Design,https://fsd.it,1
,not_found,,familjen-type,Familjen Type,https://familjentype.se/,1
icon,ok,https://www.fontador.de/wp/wp-content/uploads/2024/07/cropped-favicon-32x32.png,fontador,Fontador,https://fontador.de/,1
icon,ok,https://www.fontfabric.com/wp-content/uploads/2024/08/favicon-1-1.png,fontfabric,Fontfabric,https://fontfabric.com,1
icon,ok,http://www.fontsfromfolch.com/wp-content/uploads/2023/05/cropped-fav-32x32.png,fonts-from-folch,Fonts from Folch,http://www.fontsfromfolch.com/,1
icon,ok,https://formagari.com/favicon.svg?v=3,formagari,Formagari,https://formagari.com/,1
icon,ok,https://formulatype.com/icon.png?0fc7bd1b2376287c,formula-type,Formula Type,https://formulatype.com,1
icon,ok,https://foundryfivetype.com/favicon-32x32.png?v=65e7323eac8c20f8d80795dba77a00d0,foundry5,Foundry5,https://foundryfivetype.com/,1
icon,ok,https://www.grillitype.com/icons/android-icon-192x192.png,grilli-type,Grilli Type,https://www.grillitype.com/,1
icon,ok,https://framerusercontent.com/images/FSxFcZYQAIrR6g1cTFaxZQaC5KE.png,groteskly-yours-studio,Groteskly Yours Studio,https://groteskly.xyz/,1
icon,ok,https://gruppo-due.com/favicon/favicon-32x32.png,gruppo-due,Gruppo Due,https://gruppo-due.com/,1
icon,ok,https://hoodzpahdesign.com/wp-content/uploads/2020/06/cropped-Hoodzpah-logos-icon-favicon-more-negative-2-32x32.jpg,hoodzpah,Hoodzpah,https://hoodzpahdesign.com/,1
icon,ok,https://www.indiantypefoundry.com/themes/indiantypefoundry/favicons/favicon-32x32.png?v=nggKMv9knA,indian-type-foundry,Indian Type Foundry,https://www.indiantypefoundry.com/,1
icon,ok,https://images.squarespace-cdn.com/content/v1/5fc53846be9b6939512724de/39e056a5-67e8-4f00-b903-bef7cd8f6dbb/favicon.ico?format=100w,inhouse-type,Inhouse Type,https://www.inhousetype.com/,1
icon,ok,https://images.squarespace-cdn.com/content/v1/529d1c3ce4b0b36e2fb6cd60/1509904711789-WYBUFJZEOIN13T77AIV9/favicon.ico?format=100w,isabel-urbina-pena,Isabel Urbina Peña,https://www.isabelurbinapena.com/type,1
shortcut icon,ok,https://cortex.persona.co/t/original/i/acc27f0424ad13296c94f9cd521fdf309ce538bdaa2b2891665007838e50b54a/js_logo.ico,jose-sole,José Solé,https://jmsole.cl/,1
,missing_foundry_url,,kel-troughton,Kel Troughton,,1
,missing_foundry_url,,keya-vadgama,Keya Vadgama,,1
icon,ok,https://kometatype.com/favicon.ico,kometa,Kometa,https://www.kometa.xyz/,1
icon,ok,https://kontour.com/media/site/1a909a8013-1728327536/favicon95-32x.png,kontour,Kontour,https://www.kontour.com/,1
icon,ok,https://kostasbartsokas.com/favicon-196x196.png,kostas-bartsokas,Kostas Bartsokas,https://www.kostasbartsokas.com/,1
fallback:/favicon.ico,ok,https://www.losttype.com/favicon.ico,lost-type-co-op,Lost Type Co-op,https://www.losttype.com/,1
,not_found,,m59,M59,https://emfiftynine.com/,1
icon,ok,https://images.squarespace-cdn.com/content/v1/5b83a03f297114b18b5f55b3/1537873572727-0M3NI7ZZGWWQ0K7O3CZ0/favicon.ico?format=100w,mark-van-leeuwen,Mark van Leeuwen,https://markvanleeuwen.co,1
,not_found,,moretype,Moretype,http://moretype.co.uk,1
,missing_foundry_url,,morula-type,Morula Type,,1
,not_found,,mztype,MzType,https://mztype.ch/,1
,missing_foundry_url,,noheul-lee,Noheul Lee,,1
fallback:/favicon.ico,ok,https://nondescript.co/favicon.ico,nondescript,Nondescript,https://nondescript.co/,1
icon,ok,https://nostalgicdolphin.com/wp-content/uploads/2024/03/cropped-Favicon-512px-v2-32x32.png,nostalgic-dolphin-studio,Nostalgic Dolphin Studio,https://nostalgicdolphin.com/fonts/,1
,not_found,,office-of-personal-responsibility,Office of Personal Responsibility,https://opr.group,1
,missing_foundry_url,,olga-umpeleva,Olga Umpeleva,,1
,missing_foundry_url,,ooper-case,Ooper Case,,1
shortcut icon,ok,https://peregrinstudio.com/wp-content/uploads/2023/03/PSLOGOBW.jpg,peregrin-studio,Peregrin Studio,https://peregrinstudio.com,1
shortcut icon,ok,https://freight.cargo.site/t/original/i/c80222351356cb4addfe0c8afd0777c3938ce577c3b963bf8f3d588f642ab25f/favicon.ico,peter-roeleveld,Peter Roeleveld,https://peterroeleveld.com/,1
shortcut icon,ok,https://queertype.co/assets/images/QT-fav.png,queertype,QueerType,https://queertype.co/,1
fallback:/favicon.ico,ok,https://www.r41.it/favicon.ico,reber-r41,Reber R41,https://www.r41.it/,1
shortcut icon,ok,https://cdn.prod.website-files.com/6400ac95a0d0924aa63cb565/6400ac95a0d092fddd3cb596_Riptype_Logo_circle_32px.png,riptype,Riptype,https://www.riptype.xyz/,1
shortcut icon,ok,https://freight.cargo.site/t/original/i/659c74be7ffb2d92a4d6dfad9a9e5df624f0825c7d884e45891a84cd20353093/stenArtboard-noAlias.ico,ryan-bugden,Ryan Bugden,https://ryanbugden.com/,1
icon,ok,https://sabinakipara.com/wp-content/uploads/s-favicon-150x150.jpg,sabina-kipara,Sabina Kipară,https://sabinakipara.com/,1
icon,ok,https://scifipoetry.de/wp-content/uploads/2025/08/cropped-SCI-Favi-32x32.png,scifipoetry,Scifipoetry,https://scifipoetry.de/,1
icon,ok,https://serebryakov.com/favicon.ico,serebryakov-type-foundry,Serebryakov Type Foundry,https://serebryakov.com/,1
fallback:/favicon.ico,ok,https://typedesigner.de/favicon.ico,sergej-lebedev,Sergej Lebedev,https://typedesigner.de/,1
shortcut icon,ok,https://static.tildacdn.com/tild3933-6133-4537-a161-333135363235/favicon.ico,shriftovik-type-foundry,Shriftovik Type Foundry,https://shriftovik.com/,1
icon,ok,https://images.squarespace-cdn.com/content/v1/55bd60ece4b0c50a1d884f69/9583f491-ad50-4507-8202-7f823823a97d/favicon.ico?format=100w,soft-type,Soft Type,https://www.kyleletendre.com/,1
icon,ok,https://www.sourcetype.com/favicon-32x32.png,source-type,Source Type,https://www.sourcetype.com/,1
fallback:/favicon.ico,ok,https://www.futurefonts.com/favicon.ico,spizh,Spizh,https://www.futurefonts.com/spizh/,1
icon,ok,https://skriftkompani.no/filer/favicon.png,store-norske-skriftkompani,Store Norske Skriftkompani,https://skriftkompani.no/,1
fallback:/favicon.ico,ok,https://fonts.studiofeixen.ch/favicon.ico,studio-feixen-fonts,Studio Feixen Fonts,https://fonts.studiofeixen.ch/,1
icon,ok,https://studiotype.be/assets/images/favicon.svg,studio-type,Studio Type,https://studiotype.be/,1
icon,ok,https://tsfonts.com/wp-content/uploads/2023/12/cropped-fav-32x32.png,ts-fonts,TS Fonts,https://tsfonts.com/,1
icon,ok,https://www.tamarapilz.com/wp-content/uploads/2022/01/TP_Fav.svg,tamara-pilz,Tamara Pilz,https://www.tamarapilz.com/,1
icon,ok,https://assets.squarespace.com/universal/default-favicon.ico,tulsey-type,Tulsey Type,https://www.tulseytype.com,1
shortcut icon,ok,https://cdn.prod.website-files.com/650a07c9645eb7e49a95a312/65e56de31c637fb50e3f909e_TDN_Site_Favicon-01.png,type-du-nord,Type Du Nord,https://www.typedunord.com/,1
icon,ok,https://typerepublic.com/favicon-32x32.png,typerepublic,TypeRepublic,https://typerepublic.com/,1
fallback:/favicon.ico,ok,https://usgraphics.com/static/core/favicon/favicon.94b3eee5335b.ico,u-s-graphics-company,U.S. Graphics Company,https://usgraphics.com/,1
icon,ok,https://framerusercontent.com/images/BlDjQmE7Db2CvHUS1kTwuKiuie0.png,virgile-flores,Virgile Flores,https://www.virgileflores.com/typefoundry,1
icon,ok,https://freight.cargo.site/t/original/i/U2118955353569657034441552326374/WKD1.003_Logos_01.ico,weekend-type,Weekend Type,https://weekendtype.xyz/,1
icon,ok,https://www.yeptype.com/tenant-favicon/favicon-32x32.png,yep-type,Yep! Type,https://www.yeptype.com/,1
icon,ok,https://carrois.com/assets/favicon/favicon-32x32.png,bbox-type,bBox Type,https://bboxtype.com/,1
,not_found,,udi-type-foundry,Ụdị Type Foundry,https://www.udifoundry.com/fonts/touki-grotesk,1
